"round","scenario","target","parameters","status","ok","elapsedMs","error","handler","station_query","station_lookup","graph_load","dijkstra","route_format","schedule_catalog","schedule_query","schedule_format"
"1","station-list","/stations?page=1&limit=40","","200","true","158.447","","1.404","0.429","","","","","","",""
"1","station-search","/stations/search?q=mang&limit=20","","200","true","57.156","","1.385","0.533","","","","","","",""
"1","route-direct","/routes/plan","{""from"":""bogor"",""to"":""jakarta-kota"",""passengerCount"":1,""preference"":""FASTEST""}","200","true","71.111","","8.355","","0.202","0.01","0.325","0.094","","",""
"1","route-interchange","/routes/plan","{""from"":""cikini"",""to"":""bni-city"",""passengerCount"":1,""preference"":""FASTEST""}","200","true","58.445","","1.348","","0.112","0.003","0.129","0.035","","",""
"1","route-walking","/routes/plan","{""from"":""cikoko"",""to"":""tebet"",""passengerCount"":1,""preference"":""FASTEST""}","200","true","60.201","","1.656","","0.265","0.006","0.192","0.034","","",""
"1","schedule-krl","/schedules?station=Manggarai&trainType=KRL&isWeekend=false&page=1&limit=40","","200","true","177.224","","1.136","","","","","","0.241","0.117",""
"2","station-list","/stations?page=2&limit=40","","200","true","127.497","","1.055","0.317","","","","","","",""
"2","station-search","/stations/search?q=bog&limit=20","","200","true","91.692","","0.985","0.333","","","","","","",""
"2","route-direct","/routes/plan","{""from"":""depok"",""to"":""jayakarta"",""passengerCount"":2,""preference"":""FASTEST""}","200","true","120.311","","1.986","","0.202","0.004","0.341","0.092","","",""
"2","route-interchange","/routes/plan","{""from"":""bogor"",""to"":""tangerang"",""passengerCount"":2,""preference"":""MIN_TRANSFERS""}","200","true","75.302","","3.644","","0.245","0.004","0.447","0.152","","",""
"2","route-walking","/routes/plan","{""from"":""dukuh-atas"",""to"":""cawang"",""passengerCount"":1,""preference"":""FASTEST""}","200","true","154.802","","1.651","","0.244","0.003","0.195","0.056","","",""
"2","schedule-krl","/schedules?station=Bogor&trainType=KRL&isWeekend=false&departureFrom=05%3A00&page=1&limit=30","","200","true","125.567","","0.796","","","","","","0.047","0.05",""
"3","station-list","/stations?page=3&limit=40","","200","true","124.08","","0.992","0.371","","","","","","",""
"3","station-search","/stations/search?q=cik&limit=20","","200","true","114.963","","1.223","0.405","","","","","","",""
"3","route-direct","/routes/plan","{""from"":""manggarai"",""to"":""bogor"",""passengerCount"":1,""preference"":""MIN_TRANSFERS""}","200","true","111.53","","2.176","","0.308","0.004","0.309","0.133","","",""
"3","route-interchange","/routes/plan","{""from"":""manggarai"",""to"":""rangkasbitung"",""passengerCount"":1,""preference"":""FASTEST""}","200","true","121.839","","1.899","","0.276","0.004","0.447","0.105","","",""
"3","route-walking","/routes/plan","{""from"":""cikoko"",""to"":""manggarai"",""passengerCount"":2,""preference"":""FASTEST""}","200","true","116.382","","1.639","","0.202","0.004","0.228","0.046","","",""
"3","schedule-krl","/schedules?station=Tanah%20Abang&trainType=KRL&isWeekend=false&departureTo=12%3A00&page=2&limit=20","","200","true","134.895","","1.398","","","","","","0.501","0.064",""
"4","station-list","/stations?page=1&limit=40","","200","true","114.689","","1.21","0.366","","","","","","",""
"4","station-search","/stations/search?q=mang&limit=20","","200","true","108.195","","1.135","0.364","","","","","","",""
"4","route-direct","/routes/plan","{""from"":""bogor"",""to"":""jakarta-kota"",""passengerCount"":1,""preference"":""FASTEST""}","200","true","114.114","","1.745","","0.159","0.007","0.371","0.098","","",""
"4","route-interchange","/routes/plan","{""from"":""cikini"",""to"":""bni-city"",""passengerCount"":1,""preference"":""FASTEST""}","200","true","629.309","","1.354","","0.139","0.003","0.147","0.036","","",""
"4","route-walking","/routes/plan","{""from"":""cikoko"",""to"":""tebet"",""passengerCount"":1,""preference"":""FASTEST""}","200","true","123.674","","1.172","","0.185","0.006","0.148","0.052","","",""
"4","schedule-krl","/schedules?station=Manggarai&trainType=KRL&isWeekend=false&page=1&limit=40","","200","true","126.315","","1.157","","","","","","0.151","0.087",""
"5","station-list","/stations?page=2&limit=40","","200","true","86.822","","1.023","0.377","","","","","","",""
"5","station-search","/stations/search?q=bog&limit=20","","200","true","46.692","","1.009","0.289","","","","","","",""
"5","route-direct","/routes/plan","{""from"":""depok"",""to"":""jayakarta"",""passengerCount"":2,""preference"":""FASTEST""}","200","true","45.838","","2.323","","0.189","0.004","0.323","0.087","","",""
"5","route-interchange","/routes/plan","{""from"":""bogor"",""to"":""tangerang"",""passengerCount"":2,""preference"":""MIN_TRANSFERS""}","200","true","79.113","","1.536","","0.19","0.003","0.338","0.122","","",""
"5","route-walking","/routes/plan","{""from"":""dukuh-atas"",""to"":""cawang"",""passengerCount"":1,""preference"":""FASTEST""}","200","true","51.022","","2.711","","0.196","0.004","0.228","0.057","","",""
"5","schedule-krl","/schedules?station=Bogor&trainType=KRL&isWeekend=false&departureFrom=05%3A00&page=1&limit=30","","200","true","52.165","","1.11","","","","","","0.056","0.083",""
"6","station-list","/stations?page=3&limit=40","","200","true","50.848","","1.192","0.404","","","","","","",""
"6","station-search","/stations/search?q=cik&limit=20","","200","true","46.368","","1.183","0.329","","","","","","",""
"6","route-direct","/routes/plan","{""from"":""manggarai"",""to"":""bogor"",""passengerCount"":1,""preference"":""MIN_TRANSFERS""}","200","true","49.645","","1.7","","0.198","0.007","0.302","0.098","","",""
"6","route-interchange","/routes/plan","{""from"":""manggarai"",""to"":""rangkasbitung"",""passengerCount"":1,""preference"":""FASTEST""}","200","true","48.638","","1.89","","0.228","0.003","0.41","0.102","","",""
"6","route-walking","/routes/plan","{""from"":""cikoko"",""to"":""manggarai"",""passengerCount"":2,""preference"":""FASTEST""}","200","true","88.849","","1.377","","0.223","0.003","0.155","0.035","","",""
"6","schedule-krl","/schedules?station=Tanah%20Abang&trainType=KRL&isWeekend=false&departureTo=12%3A00&page=2&limit=20","","200","true","120.341","","1.056","","","","","","0.338","0.049",""
"7","station-list","/stations?page=1&limit=40","","200","true","126.426","","1.207","0.376","","","","","","",""
"7","station-search","/stations/search?q=mang&limit=20","","200","true","111.182","","0.991","0.295","","","","","","",""
"7","route-direct","/routes/plan","{""from"":""bogor"",""to"":""jakarta-kota"",""passengerCount"":1,""preference"":""FASTEST""}","200","true","52.583","","2.537","","0.151","0.006","0.303","1.11","","",""
"7","route-interchange","/routes/plan","{""from"":""cikini"",""to"":""bni-city"",""passengerCount"":1,""preference"":""FASTEST""}","200","true","70.544","","1.574","","0.132","0.003","0.191","0.045","","",""
"7","route-walking","/routes/plan","{""from"":""cikoko"",""to"":""tebet"",""passengerCount"":1,""preference"":""FASTEST""}","200","true","111.4","","1.197","","0.201","0.005","0.14","0.029","","",""
"7","schedule-krl","/schedules?station=Manggarai&trainType=KRL&isWeekend=false&page=1&limit=40","","200","true","78.384","","1.247","","","","","","0.147","0.079",""
"8","station-list","/stations?page=2&limit=40","","200","true","84.414","","1.05","0.31","","","","","","",""
"8","station-search","/stations/search?q=bog&limit=20","","200","true","97.322","","0.957","0.257","","","","","","",""
"8","route-direct","/routes/plan","{""from"":""depok"",""to"":""jayakarta"",""passengerCount"":2,""preference"":""FASTEST""}","200","true","112.953","","1.492","","0.161","0.006","0.303","0.082","","",""
"8","route-interchange","/routes/plan","{""from"":""bogor"",""to"":""tangerang"",""passengerCount"":2,""preference"":""MIN_TRANSFERS""}","200","true","93.907","","1.892","","0.259","0.004","0.466","0.141","","",""
"8","route-walking","/routes/plan","{""from"":""dukuh-atas"",""to"":""cawang"",""passengerCount"":1,""preference"":""FASTEST""}","200","true","153.176","","1.173","","0.141","0.002","0.094","0.096","","",""
"8","schedule-krl","/schedules?station=Bogor&trainType=KRL&isWeekend=false&departureFrom=05%3A00&page=1&limit=30","","200","true","67.014","","1.128","","","","","","0.05","0.074",""
"9","station-list","/stations?page=3&limit=40","","200","true","80.815","","1.106","0.389","","","","","","",""
"9","station-search","/stations/search?q=cik&limit=20","","200","true","45.588","","1.061","0.281","","","","","","",""
"9","route-direct","/routes/plan","{""from"":""manggarai"",""to"":""bogor"",""passengerCount"":1,""preference"":""MIN_TRANSFERS""}","200","true","50.439","","1.491","","0.171","0.002","0.226","0.07","","",""
"9","route-interchange","/routes/plan","{""from"":""manggarai"",""to"":""rangkasbitung"",""passengerCount"":1,""preference"":""FASTEST""}","200","true","44.157","","2.39","","0.219","0.002","1.222","0.09","","",""
"9","route-walking","/routes/plan","{""from"":""cikoko"",""to"":""manggarai"",""passengerCount"":2,""preference"":""FASTEST""}","200","true","46.538","","1.405","","0.2","0.003","0.181","0.05","","",""
"9","schedule-krl","/schedules?station=Tanah%20Abang&trainType=KRL&isWeekend=false&departureTo=12%3A00&page=2&limit=20","","200","true","44.761","","1.423","","","","","","0.418","0.059",""
"10","station-list","/stations?page=1&limit=40","","200","true","49.192","","1.162","0.403","","","","","","",""
"10","station-search","/stations/search?q=mang&limit=20","","200","true","48.642","","1.085","0.315","","","","","","",""
"10","route-direct","/routes/plan","{""from"":""bogor"",""to"":""jakarta-kota"",""passengerCount"":1,""preference"":""FASTEST""}","200","true","160.861","","1.362","","0.135","0.002","0.274","0.08","","",""
"10","route-interchange","/routes/plan","{""from"":""cikini"",""to"":""bni-city"",""passengerCount"":1,""preference"":""FASTEST""}","200","true","89.818","","1.172","","0.105","0.002","0.141","0.068","","",""
"10","route-walking","/routes/plan","{""from"":""cikoko"",""to"":""tebet"",""passengerCount"":1,""preference"":""FASTEST""}","200","true","116.179","","1.541","","0.267","0.003","0.188","0.037","","",""
"10","schedule-krl","/schedules?station=Manggarai&trainType=KRL&isWeekend=false&page=1&limit=40","","200","true","72.251","","0.812","","","","","","0.115","0.043",""
